{"cameraMode":{"drawMode":0,"name":"Shaded","section":"Shading Mode"},"sceneLighting":true,"audioPlay":false,"sceneViewState":{"showFog":false,"showMaterialUpdate":false,"showSkybox":false,"showFlares":false,"showImageEffects":false,"showParticleSystems":false},"in2DMode":false,"pivot":{"x":-0.7129828929901123,"y":2.3328800201416017,"z":-32.137874603271487},"rotation":{"x":0.006838195491582155,"y":-0.4106939136981964,"z":0.003080257447436452,"w":0.9117425084114075},"size":2.857882022857666,"orthographic":false}